Workbook

Sheet 场外1.0补仓
A1: 类型 | B1: 代码 | C1: 基金名称 | D1: 上次买入锚点净值 | E1: 最新净值 | F1: 近期涨跌幅 | G1: 当日涨跌幅 | H1: 最终涨跌幅 | I1: 加仓份数 | J1: 基础单价 | K1: 补仓金额 | L1: 最近底谷日期 | M1: 最近底谷净值 | N1: 上涨幅度 | O1: 分组
A2: =IF(场外2.0金字塔补仓!A2<>"",场外2.0金字塔补仓!A2,"") | B2: =IF(场外2.0金字塔补仓!B2<>"",场外2.0金字塔补仓!B2,"") | C2: =IF(场外2.0金字塔补仓!C2<>"",场外2.0金字塔补仓!C2,"") | D2: 3.8354 | E2: 3.1509 | F2: =(E2-D2)/D2 | G2: 0.0011 | H2: =F2+G2 | I2: =IF(H2<0,INT(-H2*100),"0") | J2: 100 | K2: =J2*I2 | L2: 2026-07-01 | M2: 3.1391 | N2: =((E2-M2)/M2)+G2 | O2: 持有
A3: =IF(场外2.0金字塔补仓!A3<>"",场外2.0金字塔补仓!A3,"") | B3: =IF(场外2.0金字塔补仓!B3<>"",场外2.0金字塔补仓!B3,"") | C3: =IF(场外2.0金字塔补仓!C3<>"",场外2.0金字塔补仓!C3,"") | D3: 1.2318 | E3: 1.2318 | F3: =(E3-D3)/D3 | G3: -0.0632 | H3: =F3+G3 | I3: =IF(H3<0,INT(-H3*100),"0") | J3: 100 | K3: =J3*I3 | L3: 2026-07-17 | M3: 1.2318 | N3: =((E3-M3)/M3)+G3 | O3: 持有
A4: =IF(场外2.0金字塔补仓!A4<>"",场外2.0金字塔补仓!A4,"") | B4: =IF(场外2.0金字塔补仓!B4<>"",场外2.0金字塔补仓!B4,"") | C4: =IF(场外2.0金字塔补仓!C4<>"",场外2.0金字塔补仓!C4,"") | D4: 1.2998 | E4: 1.2998 | F4: =(E4-D4)/D4 | G4: -0.0526 | H4: =F4+G4 | I4: =IF(H4<0,INT(-H4*100),"0") | J4: 100 | K4: =J4*I4 | L4: 2026-07-17 | M4: 1.2998 | N4: =((E4-M4)/M4)+G4 | O4: 持有
A5: =IF(场外2.0金字塔补仓!A5<>"",场外2.0金字塔补仓!A5,"") | B5: =IF(场外2.0金字塔补仓!B5<>"",场外2.0金字塔补仓!B5,"") | C5: =IF(场外2.0金字塔补仓!C5<>"",场外2.0金字塔补仓!C5,"") | D5: 2.378 | E5: 1.962 | F5: =(E5-D5)/D5 | G5: -0.0319 | H5: =F5+G5 | I5: =IF(H5<0,INT(-H5*100),"0") | J5: 100 | K5: =J5*I5 | L5: 2026-07-17 | M5: 1.962 | N5: =((E5-M5)/M5)+G5 | O5: 持有
A6: =IF(场外2.0金字塔补仓!A6<>"",场外2.0金字塔补仓!A6,"") | B6: =IF(场外2.0金字塔补仓!B6<>"",场外2.0金字塔补仓!B6,"") | C6: =IF(场外2.0金字塔补仓!C6<>"",场外2.0金字塔补仓!C6,"") | D6: 0.8075 | E6: 0.784 | F6: =(E6-D6)/D6 | G6: 0.0054 | H6: =F6+G6 | I6: =IF(H6<0,INT(-H6*100),"0") | J6: 100 | K6: =J6*I6 | L6: 2026-07-17 | M6: 0.784 | N6: =((E6-M6)/M6)+G6 | O6: 持有
A7: =IF(场外2.0金字塔补仓!A7<>"",场外2.0金字塔补仓!A7,"") | B7: =IF(场外2.0金字塔补仓!B7<>"",场外2.0金字塔补仓!B7,"") | C7: =IF(场外2.0金字塔补仓!C7<>"",场外2.0金字塔补仓!C7,"") | D7: 1.2217 | E7: 1.1008 | F7: =(E7-D7)/D7 | G7: 0.017 | H7: =F7+G7 | I7: =IF(H7<0,INT(-H7*100),"0") | J7: 100 | K7: =J7*I7 | L7: 2026-06-09 | M7: 0.9073 | N7: =((E7-M7)/M7)+G7 | O7: 持有
A8: =IF(场外2.0金字塔补仓!A8<>"",场外2.0金字塔补仓!A8,"") | B8: =IF(场外2.0金字塔补仓!B8<>"",场外2.0金字塔补仓!B8,"") | C8: =IF(场外2.0金字塔补仓!C8<>"",场外2.0金字塔补仓!C8,"") | D8: 1.3423 | E8: 1.3206 | F8: =(E8-D8)/D8 | G8: 0.0101 | H8: =F8+G8 | I8: =IF(H8<0,INT(-H8*100),"0") | J8: 100 | K8: =J8*I8 | L8: 2026-06-26 | M8: 1.2482 | N8: =((E8-M8)/M8)+G8 | O8: 持有
A9: =IF(场外2.0金字塔补仓!A9<>"",场外2.0金字塔补仓!A9,"") | B9: =IF(场外2.0金字塔补仓!B9<>"",场外2.0金字塔补仓!B9,"") | C9: =IF(场外2.0金字塔补仓!C9<>"",场外2.0金字塔补仓!C9,"") | D9: 2.1116 | E9: 1.926 | F9: =(E9-D9)/D9 | G9: 0.0242 | H9: =F9+G9 | I9: =IF(H9<0,INT(-H9*100),"0") | J9: 100 | K9: =J9*I9 | L9: 2026-06-08 | M9: 1.4955 | N9: =((E9-M9)/M9)+G9 | O9: 持有
A10: =IF(场外2.0金字塔补仓!A10<>"",场外2.0金字塔补仓!A10,"") | B10: =IF(场外2.0金字塔补仓!B10<>"",场外2.0金字塔补仓!B10,"") | C10: =IF(场外2.0金字塔补仓!C10<>"",场外2.0金字塔补仓!C10,"") | D10: 0.6855 | E10: 0.6855 | F10: =(E10-D10)/D10 | G10: -0.0286 | H10: =F10+G10 | I10: =IF(H10<0,INT(-H10*100),"0") | J10: 100 | K10: =J10*I10 | L10: 2026-07-17 | M10: 0.6855 | N10: =((E10-M10)/M10)+G10 | O10: 持有
A11: =IF(场外2.0金字塔补仓!A11<>"",场外2.0金字塔补仓!A11,"") | B11: =IF(场外2.0金字塔补仓!B11<>"",场外2.0金字塔补仓!B11,"") | C11: =IF(场外2.0金字塔补仓!C11<>"",场外2.0金字塔补仓!C11,"") | D11: 2.2606 | E11: 2.2606 | F11: =(E11-D11)/D11 | G11: -0.0337 | H11: =F11+G11 | I11: =IF(H11<0,INT(-H11*100),"0") | J11: 100 | K11: =J11*I11 | L11: 2026-07-17 | M11: 2.2606 | N11: =((E11-M11)/M11)+G11 | O11: 持有
A12: =IF(场外2.0金字塔补仓!A12<>"",场外2.0金字塔补仓!A12,"") | B12: =IF(场外2.0金字塔补仓!B12<>"",场外2.0金字塔补仓!B12,"") | C12: =IF(场外2.0金字塔补仓!C12<>"",场外2.0金字塔补仓!C12,"") | D12: 0.7237 | E12: 0.7114 | F12: =(E12-D12)/D12 | G12: 0.0077 | H12: =F12+G12 | I12: =IF(H12<0,INT(-H12*100),"0") | J12: 100 | K12: =J12*I12 | L12: 2026-06-26 | M12: 0.6665 | N12: =((E12-M12)/M12)+G12 | O12: 持有
A13: =IF(场外2.0金字塔补仓!A13<>"",场外2.0金字塔补仓!A13,"") | B13: =IF(场外2.0金字塔补仓!B13<>"",场外2.0金字塔补仓!B13,"") | C13: =IF(场外2.0金字塔补仓!C13<>"",场外2.0金字塔补仓!C13,"") | D13: 1.0946 | E13: 1.0946 | F13: =(E13-D13)/D13 | G13: -0.0184 | H13: =F13+G13 | I13: =IF(H13<0,INT(-H13*100),"0") | J13: 100 | K13: =J13*I13 | L13: 2026-07-17 | M13: 1.0946 | N13: =((E13-M13)/M13)+G13 | O13: 持有
... A26: =IF(场外2.0金字塔补仓!A26<>"",场外2.0金字塔补仓!A26,"") | B26: =IF(场外2.0金字塔补仓!B26<>"",场外2.0金字塔补仓!B26,"") | C26: =IF(场外2.0金字塔补仓!C26<>"",场外2.0金字塔补仓!C26,"") | D26: 3.2777 | E26: 0.532 | F26: =(E26-D26)/D26 | G26: 0.0448 | H26: =F26+G26 | I26: =IF(H26<0,INT(-H26*100),"0") | J26: 100 | K26: =J26*I26 | L26: 2026-07-09 | M26: 0.4959 | N26: =((E26-M26)/M26)+G26 | O26: 关注
A27: =IF(场外2.0金字塔补仓!A27<>"",场外2.0金字塔补仓!A27,"") | B27: =IF(场外2.0金字塔补仓!B27<>"",场外2.0金字塔补仓!B27,"") | C27: =IF(场外2.0金字塔补仓!C27<>"",场外2.0金字塔补仓!C27,"") | F27: =(E27-D27)/D27 | H27: =F27+G27 | I27: =IF(H27<0,INT(-H27*100),"0") | K27: =J27*I27 | N27: =((E27-M27)/M27)+G27
A28: =IF(场外2.0金字塔补仓!A28<>"",场外2.0金字塔补仓!A28,"") | B28: =IF(场外2.0金字塔补仓!B28<>"",场外2.0金字塔补仓!B28,"") | C28: =IF(场外2.0金字塔补仓!C28<>"",场外2.0金字塔补仓!C28,"") | F28: =(E28-D28)/D28 | G28: -0.0072 | H28: =F28+G28 | I28: =IF(H28<0,INT(-H28*100),"0") | K28: =J28*I28 | N28: =((E28-M28)/M28)+G28
A29: =IF(场外2.0金字塔补仓!A29<>"",场外2.0金字塔补仓!A29,"") | B29: =IF(场外2.0金字塔补仓!B29<>"",场外2.0金字塔补仓!B29,"") | C29: =IF(场外2.0金字塔补仓!C29<>"",场外2.0金字塔补仓!C29,"") | F29: =(E29-D29)/D29 | G29: -0.03 | H29: =F29+G29 | I29: =IF(H29<0,INT(-H29*100),"0") | K29: =J29*I29 | N29: =((E29-M29)/M29)+G29

Sheet 场外2.0金字塔补仓
A1: 类型 | B1: 代码 | C1: 基金名 | D1: 历史最高净值 | E1: 最新净值 | F1: 净值差额 | G1: 历史跌幅 | H1: 当天跌幅 | I1: 总跌幅（历史跌幅+当天跌幅） | J1: 补仓倍数 | K1: 基础单价 | L1: 最终补仓单价 | M1: 补仓金额 | N1: 是否首次建仓 | O1: 首次建仓份数 | P1: 首次建仓金额
A2: 黄金 | B2: 000218 | C2: 国泰黄金ETF联接A | D2: 4.4715 | E2: 3.1509 | F2: =IF(E2<>"",E2-D2,0) | G2: =(F2/D2)*100% | H2: =场外1.0补仓!G2 | I2: =G2+H2 | J2: {=_xlfn.IFS(AND(I2>=-15%,I2<=0),1,AND(I2>=-30%,I2<-15%),2,AND(I2>=-45%,I2<-30%),3,AND(I2>=-60%,I2<-45%),4,AND(I2>=-75%,I2<-60%),5,AND(I2>=-90%,I2<-75%),6,TRUE,"")} | K2: 20 | L2: =J2*K2 | M2: =场外1.0补仓!I2*L2 | N2: 否 | O2: =IF(N2="是",IF(I2<0,INT(-I2*100),"0"),"") | P2: =O2*L2
A3: 商业航天 | B3: 024194 | C3: 永赢国证商用卫星通信产业ETF联接A | D3: 1.9691 | E3: 1.2318 | F3: =IF(E3<>"",E3-D3,0) | G3: =(F3/D3)*100% | H3: =场外1.0补仓!G3 | I3: =G3+H3 | J3: {=_xlfn.IFS(AND(I3>=-15%,I3<=0),1,AND(I3>=-30%,I3<-15%),2,AND(I3>=-45%,I3<-30%),3,AND(I3>=-60%,I3<-45%),4,AND(I3>=-75%,I3<-60%),5,AND(I3>=-90%,I3<-75%),6,TRUE,"")} | K3: 20 | L3: =J3*K3 | M3: =场外1.0补仓!I3*L3 | N3: 否 | O3: =IF(N3="是",IF(I3<0,INT(-I3*100),"0"),"") | P3: =O3*L3
A4: 超导/核聚变 | B4: 024202 | C4: 永赢制造升级智选混合A | D4: 1.8609 | E4: 1.2998 | F4: =IF(E4<>"",E4-D4,0) | G4: =(F4/D4)*100% | H4: =场外1.0补仓!G4 | I4: =G4+H4 | J4: {=_xlfn.IFS(AND(I4>=-15%,I4<=0),1,AND(I4>=-30%,I4<-15%),2,AND(I4>=-45%,I4<-30%),3,AND(I4>=-60%,I4<-45%),4,AND(I4>=-75%,I4<-60%),5,AND(I4>=-90%,I4<-75%),6,TRUE,"")} | K4: 20 | L4: =J4*K4 | M4: =场外1.0补仓!I4*L4 | N4: 否 | O4: =IF(N4="是",IF(I4<0,INT(-I4*100),"0"),"") | P4: =O4*L4
A5: 军工 | B5: 001475 | C5: 易方达国防军工混合A | D5: 2.378 | E5: 1.962 | F5: =IF(E5<>"",E5-D5,0) | G5: =(F5/D5)*100% | H5: =场外1.0补仓!G5 | I5: =G5+H5 | J5: {=_xlfn.IFS(AND(I5>=-15%,I5<=0),1,AND(I5>=-30%,I5<-15%),2,AND(I5>=-45%,I5<-30%),3,AND(I5>=-60%,I5<-45%),4,AND(I5>=-75%,I5<-60%),5,AND(I5>=-90%,I5<-75%),6,TRUE,"")} | K5: 20 | L5: =J5*K5 | M5: =场外1.0补仓!I5*L5 | N5: 否 | O5: =IF(N5="是",IF(I5<0,INT(-I5*100),"0"),"") | P5: =O5*L5
A6: 互金/金融IT | B6: 013477 | C6: 华宝中证金融科技主题ETF联接A | D6: 1.3333 | E6: 0.784 | F6: =IF(E6<>"",E6-D6,0) | G6: =(F6/D6)*100% | H6: =场外1.0补仓!G6 | I6: =G6+H6 | J6: {=_xlfn.IFS(AND(I6>=-15%,I6<=0),1,AND(I6>=-30%,I6<-15%),2,AND(I6>=-45%,I6<-30%),3,AND(I6>=-60%,I6<-45%),4,AND(I6>=-75%,I6<-60%),5,AND(I6>=-90%,I6<-75%),6,TRUE,"")} | K6: 20 | L6: =J6*K6 | M6: =场外1.0补仓!I6*L6 | N6: 否 | O6: =IF(N6="是",IF(I6<0,INT(-I6*100),"0"),"") | P6: =O6*L6
A7: A股+港股(医药均衡) | B7: 005453 | C7: 前海开源医疗健康混合A | D7: 3.4821 | E7: 1.1008 | F7: =IF(E7<>"",E7-D7,0) | G7: =(F7/D7)*100% | H7: =场外1.0补仓!G7 | I7: =G7+H7 | J7: {=_xlfn.IFS(AND(I7>=-15%,I7<=0),1,AND(I7>=-30%,I7<-15%),2,AND(I7>=-45%,I7<-30%),3,AND(I7>=-60%,I7<-45%),4,AND(I7>=-75%,I7<-60%),5,AND(I7>=-90%,I7<-75%),6,TRUE,"")} | K7: 20 | L7: =J7*K7 | M7: =场外1.0补仓!I7*L7 | N7: 否 | O7: =IF(N7="是",IF(I7<0,INT(-I7*100),"0"),"") | P7: =O7*L7
A8: 消费 | B8: 008928 | C8: 泰达宏利中证主要消费红利指数A | D8: 1.9384 | E8: 1.3206 | F8: =IF(E8<>"",E8-D8,0) | G8: =(F8/D8)*100% | H8: =场外1.0补仓!G8 | I8: =G8+H8 | J8: {=_xlfn.IFS(AND(I8>=-15%,I8<=0),1,AND(I8>=-30%,I8<-15%),2,AND(I8>=-45%,I8<-30%),3,AND(I8>=-60%,I8<-45%),4,AND(I8>=-75%,I8<-60%),5,AND(I8>=-90%,I8<-75%),6,TRUE,"")} | K8: 20 | L8: =J8*K8 | M8: =场外1.0补仓!I8*L8 | N8: 否 | O8: =IF(N8="是",IF(I8<0,INT(-I8*100),"0"),"") | P8: =O8*L8
A9: CXO+创新药 | B9: 003095 | C9: 中欧医疗健康混合A | D9: 4.421 | E9: 1.926 | F9: =IF(E9<>"",E9-D9,0) | G9: =(F9/D9)*100% | H9: =场外1.0补仓!G9 | I9: =G9+H9 | J9: {=_xlfn.IFS(AND(I9>=-15%,I9<=0),1,AND(I9>=-30%,I9<-15%),2,AND(I9>=-45%,I9<-30%),3,AND(I9>=-60%,I9<-45%),4,AND(I9>=-75%,I9<-60%),5,AND(I9>=-90%,I9<-75%),6,TRUE,"")} | K9: 20 | L9: =J9*K9 | M9: =场外1.0补仓!I9*L9 | N9: 否 | O9: =IF(N9="是",IF(I9<0,INT(-I9*100),"0"),"") | P9: =O9*L9
A10: 光伏 | B10: 011102 | C10: 天弘中证光伏产业指数A | D10: 1.5245 | E10: 0.6855 | F10: =IF(E10<>"",E10-D10,0) | G10: =(F10/D10)*100% | H10: =场外1.0补仓!G10 | I10: =G10+H10 | J10: {=_xlfn.IFS(AND(I10>=-15%,I10<=0),1,AND(I10>=-30%,I10<-15%),2,AND(I10>=-45%,I10<-30%),3,AND(I10>=-60%,I10<-45%),4,AND(I10>=-75%,I10<-60%),5,AND(I10>=-90%,I10<-75%),6,TRUE,"")} | K10: 20 | L10: =J10*K10 | M10: =场外1.0补仓!I10*L10 | N10: 否 | O10: =IF(N10="是",IF(I10<0,INT(-I10*100),"0"),"") | P10: =O10*L10
A11: 锂电 | B11: 003984 | C11: 嘉实新能源新材料股票A | D11: 3.8813 | E11: 2.2606 | F11: =IF(E11<>"",E11-D11,0) | G11: =(F11/D11)*100% | H11: =场外1.0补仓!G11 | I11: =G11+H11 | J11: {=_xlfn.IFS(AND(I11>=-15%,I11<=0),1,AND(I11>=-30%,I11<-15%),2,AND(I11>=-45%,I11<-30%),3,AND(I11>=-60%,I11<-45%),4,AND(I11>=-75%,I11<-60%),5,AND(I11>=-90%,I11<-75%),6,TRUE,"")} | K11: 20 | L11: =J11*K11 | M11: =场外1.0补仓!I11*L11 | N11: 否 | O11: =IF(N11="是",IF(I11<0,INT(-I11*100),"0"),"") | P11: =O11*L11
A12: 农业(种植养殖) | B12: 010769 | C12: 天弘中证农业主题ETF联接A | D12: 1.1129 | E12: 0.7114 | F12: =IF(E12<>"",E12-D12,0) | G12: =(F12/D12)*100% | H12: =场外1.0补仓!G12 | I12: =G12+H12 | J12: {=_xlfn.IFS(AND(I12>=-15%,I12<=0),1,AND(I12>=-30%,I12<-15%),2,AND(I12>=-45%,I12<-30%),3,AND(I12>=-60%,I12<-45%),4,AND(I12>=-75%,I12<-60%),5,AND(I12>=-90%,I12<-75%),6,TRUE,"")} | K12: 20 | L12: =J12*K12 | M12: =场外1.0补仓!I12*L12 | N12: 否 | O12: =IF(N12="是",IF(I12<0,INT(-I12*100),"0"),"") | P12: =O12*L12
A13: 电力设备 | B13: 025832 | C13: 天弘中证电网设备主题指数A | D13: 1.5577 | E13: 1.0946 | F13: =IF(E13<>"",E13-D13,0) | G13: =(F13/D13)*100% | H13: =场外1.0补仓!G13 | I13: =G13+H13 | J13: {=_xlfn.IFS(AND(I13>=-15%,I13<=0),1,AND(I13>=-30%,I13<-15%),2,AND(I13>=-45%,I13<-30%),3,AND(I13>=-60%,I13<-45%),4,AND(I13>=-75%,I13<-60%),5,AND(I13>=-90%,I13<-75%),6,TRUE,"")} | K13: 20 | L13: =J13*K13 | M13: =场外1.0补仓!I13*L13 | N13: 否 | O13: =IF(N13="是",IF(I13<0,INT(-I13*100),"0"),"") | P13: =O13*L13
... A22: 量化中小盘 | B22: 025656 | C22: 国金智远量化A | D22: 1.2999 | E22: 1.0329 | F22: =IF(E22<>"",E22-D22,0) | G22: =(F22/D22)*100% | H22: =场外1.0补仓!G22 | I22: =G22+H22 | J22: {=_xlfn.IFS(AND(I22>=-15%,I22<=0),1,AND(I22>=-30%,I22<-15%),2,AND(I22>=-45%,I22<-30%),3,AND(I22>=-60%,I22<-45%),4,AND(I22>=-75%,I22<-60%),5,AND(I22>=-90%,I22<-75%),6,TRUE,"")} | K22: 20 | L22: =J22*K22 | M22: =场外1.0补仓!I22*L22 | N22: 否 | O22: =IF(N22="是",IF(I22<0,INT(-I22*100),"0"),"") | P22: =O22*L22
A23: CPO | B23: 025880 | C23: 汇添富科技领先混合A | D23: 1.9364 | E23: 1.3971 | F23: =IF(E23<>"",E23-D23,0) | G23: =(F23/D23)*100% | H23: =场外1.0补仓!G23 | I23: =G23+H23 | J23: {=_xlfn.IFS(AND(I23>=-15%,I23<=0),1,AND(I23>=-30%,I23<-15%),2,AND(I23>=-45%,I23<-30%),3,AND(I23>=-60%,I23<-45%),4,AND(I23>=-75%,I23<-60%),5,AND(I23>=-90%,I23<-75%),6,TRUE,"")} | L23: =J23*K23 | M23: =场外1.0补仓!I23*L23 | N23: 否 | O23: =IF(N23="是",IF(I23<0,INT(-I23*100),"0"),"") | P23: =O23*L23
A24: 存储芯片 | B24: 021420 | C24: 广发信创ETF联接A | D24: 2.6987 | E24: 1.9915 | F24: =IF(E24<>"",E24-D24,0) | G24: =(F24/D24)*100% | H24: =场外1.0补仓!G24 | I24: =G24+H24 | J24: {=_xlfn.IFS(AND(I24>=-15%,I24<=0),1,AND(I24>=-30%,I24<-15%),2,AND(I24>=-45%,I24<-30%),3,AND(I24>=-60%,I24<-45%),4,AND(I24>=-75%,I24<-60%),5,AND(I24>=-90%,I24<-75%),6,TRUE,"")} | L24: =J24*K24 | M24: =场外1.0补仓!I24*L24 | N24: 否 | O24: =IF(N24="是",IF(I24<0,INT(-I24*100),"0"),"") | P24: =O24*L24
A25: 恒生科技 | B25: 013402 | C25: 华夏恒生科技ETF联接（QDII）A | D25: 1.1155 | E25: 0.7667 | F25: =IF(E25<>"",E25-D25,0) | G25: =(F25/D25)*100% | H25: =场外1.0补仓!G25 | I25: =G25+H25 | J25: {=_xlfn.IFS(AND(I25>=-15%,I25<=0),1,AND(I25>=-30%,I25<-15%),2,AND(I25>=-45%,I25<-30%),3,AND(I25>=-60%,I25<-45%),4,AND(I25>=-75%,I25<-60%),5,AND(I25>=-90%,I25<-75%),6,TRUE,"")} | L25: =J25*K25 | M25: =场外1.0补仓!I25*L25 | N25: 否 | O25: =IF(N25="是",IF(I25<0,INT(-I25*100),"0"),"") | P25: =O25*L25
A26: 白酒 | B26: 161725 | C26: 招商中证白酒A | D26: 3.2777 | E26: 0.532 | F26: =IF(E26<>"",E26-D26,0) | G26: =(F26/D26)*100% | H26: =场外1.0补仓!G26 | I26: =G26+H26 | J26: {=_xlfn.IFS(AND(I26>=-15%,I26<=0),1,AND(I26>=-30%,I26<-15%),2,AND(I26>=-45%,I26<-30%),3,AND(I26>=-60%,I26<-45%),4,AND(I26>=-75%,I26<-60%),5,AND(I26>=-90%,I26<-75%),6,TRUE,"")} | L26: =J26*K26 | M26: =场外1.0补仓!I26*L26 | N26: 否 | O26: =IF(N26="是",IF(I26<0,INT(-I26*100),"0"),"") | P26: =O26*L26
F27: =IF(E27<>"",E27-D27,0) | G27: =(F27/D27)*100% | H27: =场外1.0补仓!G27 | I27: =G27+H27 | J27: {=_xlfn.IFS(AND(I27>=-15%,I27<=0),1,AND(I27>=-30%,I27<-15%),2,AND(I27>=-45%,I27<-30%),3,AND(I27>=-60%,I27<-45%),4,AND(I27>=-75%,I27<-60%),5,AND(I27>=-90%,I27<-75%),6,TRUE,"")} | L27: =J27*K27 | M27: =场外1.0补仓!I27*L27 | N27: 否 | O27: =IF(N27="是",IF(I27<0,INT(-I27*100),"0"),"") | P27: =O27*L27
F28: =IF(E28<>"",E28-D28,0) | G28: =(F28/D28)*100% | H28: =场外1.0补仓!G28 | I28: =G28+H28 | J28: {=_xlfn.IFS(AND(I28>=-15%,I28<=0),1,AND(I28>=-30%,I28<-15%),2,AND(I28>=-45%,I28<-30%),3,AND(I28>=-60%,I28<-45%),4,AND(I28>=-75%,I28<-60%),5,AND(I28>=-90%,I28<-75%),6,TRUE,"")} | L28: =J28*K28 | M28: =场外1.0补仓!I28*L28 | N28: 否 | O28: =IF(N28="是",IF(I28<0,INT(-I28*100),"0"),"") | P28: =O28*L28
F29: =IF(E29<>"",E29-D29,0) | G29: =(F29/D29)*100% | H29: =场外1.0补仓!G29 | I29: =G29+H29 | J29: {=_xlfn.IFS(AND(I29>=-15%,I29<=0),1,AND(I29>=-30%,I29<-15%),2,AND(I29>=-45%,I29<-30%),3,AND(I29>=-60%,I29<-45%),4,AND(I29>=-75%,I29<-60%),5,AND(I29>=-90%,I29<-75%),6,TRUE,"")} | L29: =J29*K29 | M29: =场外1.0补仓!I29*L29 | N29: 否 | O29: =IF(N29="是",IF(I29<0,INT(-I29*100),"0"),"") | P29: =O29*L29

Sheet 金字塔丛林补仓
A1: 类型 | B1: 代码 | C1: 基金名 | D1: 历史最高净值 | E1: 最新净值 | F1: 当日涨跌幅 | G1: 净值回撤幅度（历史总幅度） | H1: RSI(14) | I1: 信号 | J1: PE/PB估值分位 | K1: 综合信号 | L1: 操作建议 | M1: 倍投等级 | N1: 倍投基数 | O1: 补仓锚点净值 | P1: 近期涨跌幅 | Q1: 近期总涨跌幅 | R1: 补仓份数 | S1: 补仓单价 | T1: 补仓倍数(最终) | U1: 补仓金额 | V1: 最近底谷日期 | W1: 最近底谷净值 | X1: 上涨幅度（近期） | Y1: 止盈建议 | Z1: 是否首次建仓 | AA1: 首次建仓份数 | AB1: 首次建仓金额 | AC1: 分组 | AD1: 基本面状态
A2: 黄金 | B2: 000218 | C2: 国泰黄金ETF联接A | D2: 4.4715 | E2: 3.1896 | F2: -0.0103 | G2: =(E2-D2)/D2+F2 | H2: 37.5 | I2: 偏弱 | J2: 商品基金无PE/PB估值 | K2: 回撤达标但RSI未超卖，等待 | L2: 关注 | M2: 倍投3级 | N2: 2 | O2: 3.8354 | P2: =(E2-O2)/O2 | Q2: =F2+P2 | R2: =IF(OR(L2="强烈补仓",L2="建议补仓",L2="可补仓"),MAX(IF(Q2<0,INT(-Q2*100),0),1),0) | S2: 10 | T2: =N2*R2 | U2: =S2*T2 | V2: 2026-07-01 | W2: 3.1391 | X2: =((E2-W2)/W2)+F2 | Z2: 是 | AA2: =IF(Z2="是",IF(G2<0,INT(-G2*100),"0")*N2,"") | AB2: =AA2*S2 | AC2: 持有 | AD2: —
A3: 商业航天 | B3: 024194 | C3: 永赢国证商用卫星通信产业ETF联接A | D3: 1.9691 | E3: 1.1902 | F3: -0.0366 | G3: =(E3-D3)/D3+F3 | H3: 23.4 | I3: 超卖 | J3: 指数PE/PB数据暂缺 | K3: 回撤深+RSI超卖（黄金/主动基金适用） | L3: 建议补仓 | M3: 倍投4级 | N3: 3 | O3: 1.2479 | P3: =(E3-O3)/O3 | Q3: =F3+P3 | R3: =IF(OR(L3="强烈补仓",L3="建议补仓",L3="可补仓"),MAX(IF(Q3<0,INT(-Q3*100),0),1),0) | S3: 10 | T3: =N3*R3 | U3: =S3*T3 | V3: 2026-07-20 | W3: 1.1804 | X3: =((E3-W3)/W3)+F3 | Z3: 是 | AA3: =IF(Z3="是",IF(G3<0,INT(-G3*100),"0")*N3,"") | AB3: =AA3*S3 | AC3: 持有 | AD3: 待检查
A4: 超导/核聚变 | B4: 024202 | C4: 永赢制造升级智选混合A | D4: 1.8609 | E4: 1.2664 | F4: -0.0357 | G4: =(E4-D4)/D4+F4 | H4: 23.4 | I4: 超卖 | J4: 主动基金无指数估值 | K4: 回撤达标+RSI超卖，择机补仓 | L4: 可补仓 | M4: 倍投3级 | N4: 2 | O4: 1.2824 | P4: =(E4-O4)/O4 | Q4: =F4+P4 | R4: =IF(OR(L4="强烈补仓",L4="建议补仓",L4="可补仓"),MAX(IF(Q4<0,INT(-Q4*100),0),1),0) | S4: 10 | T4: =N4*R4 | U4: =S4*T4 | V4: 2026-07-20 | W4: 1.2472 | X4: =((E4-W4)/W4)+F4 | Z4: 是 | AA4: =IF(Z4="是",IF(G4<0,INT(-G4*100),"0")*N4,"") | AB4: =AA4*S4 | AC4: 持有 | AD4: —
A5: 军工 | B5: 001475 | C5: 易方达国防军工混合A | D5: 2.378 | E5: 2 | F5: -0.0491 | G5: =(E5-D5)/D5+F5 | H5: 22.8 | I5: 超卖 | J5: PB=3.16 适中 | K5: 回撤尚浅，等跌幅加深 | L5: 观望 | M5: 倍投1级 | N5: 1 | O5: 2.378 | P5: =(E5-O5)/O5 | Q5: =F5+P5 | R5: =IF(OR(L5="强烈补仓",L5="建议补仓",L5="可补仓"),MAX(IF(Q5<0,INT(-Q5*100),0),1),0) | S5: 10 | T5: =N5*R5 | U5: =S5*T5 | V5: 2026-07-20 | W5: 1.955 | X5: =((E5-W5)/W5)+F5 | Z5: 是 | AA5: =IF(Z5="是",IF(G5<0,INT(-G5*100),"0")*N5,"") | AB5: =AA5*S5 | AC5: 持有 | AD5: —
A6: 互金/金融IT | B6: 013477 | C6: 华宝中证金融科技主题ETF联接A | D6: 1.3333 | E6: 0.794 | F6: 0.0063 | G6: =(E6-D6)/D6+F6 | H6: 43.6 | I6: 偏弱 | J6: PE=31.3 适中 | K6: 回撤深但RSI未超卖，择机补仓 | L6: 可补仓 | M6: 倍投5级 | N6: 4 | O6: 0.8226 | P6: =(E6-O6)/O6 | Q6: =F6+P6 | R6: =IF(OR(L6="强烈补仓",L6="建议补仓",L6="可补仓"),MAX(IF(Q6<0,INT(-Q6*100),0),1),0) | S6: 10 | T6: =N6*R6 | U6: =S6*T6 | V6: 2026-07-24 | W6: 0.7707 | X6: =((E6-W6)/W6)+F6 | Z6: 是 | AA6: =IF(Z6="是",IF(G6<0,INT(-G6*100),"0")*N6,"") | AB6: =AA6*S6 | AC6: 持有 | AD6: 待检查
A7: A股+港股(医药均衡) | B7: 005453 | C7: 前海开源医疗健康混合A | D7: 3.4821 | E7: 1.1367 | F7: -0.0179 | G7: =(E7-D7)/D7+F7 | H7: 51.8 | I7: 中性 | J7: PE=33.5 适中 | K7: 回撤极深+估值低位，择机补仓（反弹中降级） | L7: 可补仓 | M7: 极限3级 | N7: 7 | O7: 1.2217 | P7: =(E7-O7)/O7 | Q7: =F7+P7 | R7: =IF(OR(L7="强烈补仓",L7="建议补仓",L7="可补仓"),MAX(IF(Q7<0,INT(-Q7*100),0),1),0) | S7: 10 | T7: =N7*R7 | U7: =S7*T7 | V7: 2026-06-09 | W7: 0.9073 | X7: =((E7-W7)/W7)+F7 | Z7: 是 | AA7: =IF(Z7="是",IF(G7<0,INT(-G7*100),"0")*N7,"") | AB7: =AA7*S7 | AC7: 持有 | AD7: 待检查
A8: 消费 | B8: 008928 | C8: 泰达宏利中证主要消费红利指数A | D8: 1.9384 | E8: 1.3335 | F8: 0.0171 | G8: =(E8-D8)/D8+F8 | H8: 68.2 | I8: 中性 | J8: PE=20.6 适中 | K8: 回撤达标但RSI未超卖，等待（反弹中） | L8: 关注 | M8: 倍投3级 | N8: 2 | O8: 1.3443 | P8: =(E8-O8)/O8 | Q8: =F8+P8 | R8: =IF(OR(L8="强烈补仓",L8="建议补仓",L8="可补仓"),MAX(IF(Q8<0,INT(-Q8*100),0),1),0) | S8: 10 | T8: =N8*R8 | U8: =S8*T8 | V8: 2026-06-26 | W8: 1.2482 | X8: =((E8-W8)/W8)+F8 | Z8: 是 | AA8: =IF(Z8="是",IF(G8<0,INT(-G8*100),"0")*N8,"") | AB8: =AA8*S8 | AC8: 持有 | AD8: 待检查
A9: CXO+创新药 | B9: 003095 | C9: 中欧医疗健康混合A | D9: 4.31 | E9: 1.9193 | F9: -0.0264 | G9: =(E9-D9)/D9+F9 | H9: 48.2 | I9: 中性 | J9: PE=28.8 适中 | K9: 回撤极深+估值低位，择机补仓（反弹中降级） | L9: 可补仓 | M9: 极限2级 | N9: 6 | O9: 2.1116 | P9: =(E9-O9)/O9 | Q9: =F9+P9 | R9: =IF(OR(L9="强烈补仓",L9="建议补仓",L9="可补仓"),MAX(IF(Q9<0,INT(-Q9*100),0),1),0) | S9: 10 | T9: =N9*R9 | U9: =S9*T9 | V9: 2026-06-08 | W9: 1.4955 | X9: =((E9-W9)/W9)+F9 | Z9: 是 | AA9: =IF(Z9="是",IF(G9<0,INT(-G9*100),"0")*N9,"") | AB9: =AA9*S9 | AC9: 持有 | AD9: 待检查
A10: 光伏 | B10: 011102 | C10: 天弘中证光伏产业指数A | D10: 1.5245 | E10: 0.6985 | F10: -0.0235 | G10: =(E10-D10)/D10+F10 | H10: 28.3 | I10: 超卖 | J10: PB=3.76 高估 | K10: 回撤深+RSI超卖，但估值偏高需谨慎 | L10: 可补仓 | M10: 极限1级 | N10: 5 | O10: 0.7234 | P10: =(E10-O10)/O10 | Q10: =F10+P10 | R10: =IF(OR(L10="强烈补仓",L10="建议补仓",L10="可补仓"),MAX(IF(Q10<0,INT(-Q10*100),0),1),0) | S10: 10 | T10: =N10*R10 | U10: =S10*T10 | V10: 2026-07-20 | W10: 0.6782 | X10: =((E10-W10)/W10)+F10 | Z10: 是 | AA10: =IF(Z10="是",IF(G10<0,INT(-G10*100),"0")*N10,"") | AB10: =AA10*S10 | AC10: 持有 | AD10: 待检查
A11: 锂电 | B11: 003984 | C11: 嘉实新能源新材料股票A | D11: 3.8813 | E11: 2.3399 | F11: -0.0216 | G11: =(E11-D11)/D11+F11 | H11: 36.7 | I11: 偏弱 | J11: PE=34.1 适中 | K11: 回撤深但RSI未超卖，择机补仓 | L11: 可补仓 | M11: 倍投4级 | N11: 3 | O11: 2.3907 | P11: =(E11-O11)/O11 | Q11: =F11+P11 | R11: =IF(OR(L11="强烈补仓",L11="建议补仓",L11="可补仓"),MAX(IF(Q11<0,INT(-Q11*100),0),1),0) | S11: 10 | T11: =N11*R11 | U11: =S11*T11 | V11: 2026-07-20 | W11: 2.2003 | X11: =((E11-W11)/W11)+F11 | Z11: 是 | AA11: =IF(Z11="是",IF(G11<0,INT(-G11*100),"0")*N11,"") | AB11: =AA11*S11 | AC11: 持有 | AD11: 待检查
A12: 农业(种植养殖) | B12: 010769 | C12: 天弘中证农业主题ETF联接A | D12: 1.1129 | E12: 0.7251 | F12: 0.0032 | G12: =(E12-D12)/D12+F12 | H12: 65.9 | I12: 中性 | J12: PE=31.5 偏高 | K12: 回撤深但估值高+RSI中性，等待确认 | L12: 关注 | M12: 倍投4级 | N12: 3 | O12: 0.7339 | P12: =(E12-O12)/O12 | Q12: =F12+P12 | R12: =IF(OR(L12="强烈补仓",L12="建议补仓",L12="可补仓"),MAX(IF(Q12<0,INT(-Q12*100),0),1),0) | S12: 10 | T12: =N12*R12 | U12: =S12*T12 | V12: 2026-06-26 | W12: 0.6665 | X12: =((E12-W12)/W12)+F12 | Z12: 是 | AA12: =IF(Z12="是",IF(G12<0,INT(-G12*100),"0")*N12,"") | AB12: =AA12*S12 | AC12: 持有 | AD12: 待检查
A13: 电力设备 | B13: 025832 | C13: 天弘中证电网设备主题指数A | D13: 1.5577 | E13: 1.1076 | F13: -0.0405 | G13: =(E13-D13)/D13+F13 | H13: 29.8 | I13: 超卖 | J13: PE=27.8 适中 | K13: 回撤达标+RSI超卖，择机补仓 | L13: 可补仓 | M13: 倍投3级 | N13: 2 | O13: 1.1076 | P13: =(E13-O13)/O13 | Q13: =F13+P13 | R13: =IF(OR(L13="强烈补仓",L13="建议补仓",L13="可补仓"),MAX(IF(Q13<0,INT(-Q13*100),0),1),0) | S13: 10 | T13: =N13*R13 | U13: =S13*T13 | V13: 2026-07-20 | W13: 1.0944 | X13: =((E13-W13)/W13)+F13 | Z13: 是 | AA13: =IF(Z13="是",IF(G13<0,INT(-G13*100),"0")*N13,"") | AB13: =AA13*S13 | AC13: 持有 | AD13: —
... A25: 恒生科技 | B25: 013402 | C25: 华夏恒生科技ETF联接（QDII）A | D25: 1.1155 | E25: 0.7834 | F25: -0.0004 | G25: =(E25-D25)/D25+F25 | H25: 49.3 | I25: 中性 | J25: PE=22.7 适中 | K25: 回撤达标但RSI未超卖，等待 | L25: 关注 | M25: 倍投3级 | N25: 2 | O25: 0.7361 | P25: =(E25-O25)/O25 | Q25: =F25+P25 | R25: =IF(OR(L25="强烈补仓",L25="建议补仓",L25="可补仓"),MAX(IF(Q25<0,INT(-Q25*100),0),1),0) | S25: 10 | T25: =N25*R25 | U25: =S25*T25 | V25: 2026-06-26 | W25: 0.7112 | X25: =((E25-W25)/W25)+F25 | Z25: 是 | AA25: =IF(Z25="是",IF(G25<0,INT(-G25*100),"0")*N25,"") | AB25: =AA25*S25 | AC25: 关注 | AD25: —
A26: 白酒 | B26: 161725 | C26: 招商中证白酒A | D26: 1.6466 | E26: 0.5573 | F26: 0.0257 | G26: =(E26-D26)/D26+F26 | H26: 73.6 | I26: 超买 | J26: PE=19.7 适中 | K26: 回撤极深+估值低位，择机补仓（反弹中降级） | L26: 可补仓 | M26: 极限3级 | N26: 7 | O26: 1.6466 | P26: =(E26-O26)/O26 | Q26: =F26+P26 | R26: =IF(OR(L26="强烈补仓",L26="建议补仓",L26="可补仓"),MAX(IF(Q26<0,INT(-Q26*100),0),1),0) | S26: 10 | T26: =N26*R26 | U26: =S26*T26 | V26: 2026-07-09 | W26: 0.4959 | X26: =((E26-W26)/W26)+F26 | Z26: 是 | AA26: =IF(Z26="是",IF(G26<0,INT(-G26*100),"0")*N26,"") | AB26: =AA26*S26 | AC26: 关注 | AD26: 待检查
G27: =(E27-D27)/D27+F27 | P27: =(E27-O27)/O27 | Q27: =F27+P27 | R27: =IF(OR(L27="强烈补仓",L27="建议补仓",L27="可补仓"),MAX(IF(Q27<0,INT(-Q27*100),0),1),0) | S27: 10 | T27: =N27*R27 | U27: =S27*T27 | X27: =((E27-W27)/W27)+F27 | Z27: 是 | AA27: =IF(Z27="是",IF(G27<0,INT(-G27*100),"0")*N27,"") | AB27: =AA27*S27
G28: =(E28-D28)/D28+F28 | P28: =(E28-O28)/O28 | Q28: =F28+P28 | R28: =IF(Q28<0,INT(-Q28*100),"0") | S28: 10 | T28: =N28*R28 | U28: =S28*T28 | X28: =((E28-W28)/W28)+F28 | Z28: 是 | AA28: =IF(Z28="是",IF(G28<0,INT(-G28*100),"0")*N28,"") | AB28: =AA28*S28 | AD28: —
G29: =(E29-D29)/D29+F29 | P29: =(E29-O29)/O29 | Q29: =F29+P29 | R29: =IF(Q29<0,INT(-Q29*100),"0") | S29: 10 | T29: =N29*R29 | U29: =S29*T29 | X29: =((E29-W29)/W29)+F29 | Z29: 是 | AA29: =IF(Z29="是",IF(G29<0,INT(-G29*100),"0")*N29,"") | AB29: =AA29*S29 | AD29: —

Sheet 手续费（场外）
A1: 基金名（A型-适合长期） | B1: 买入费率 | C1: 管理费率 | D1: 托管费率 | E1: 销售服务费率 | F1: 总费率（年） | G1: 持有金额 | H1: 手续费（年）
A2: 泰达宏利中证主要消费红利指数A | B2: 0.0012 | C2: 0.005 | D2: 0.001 | E2: 0 | F2: =B2+C2+D2+E2 | G2: 10000 | H2: =G2*F2
A3: 中欧医疗健康混合A | B3: 0.0015 | C3: 0.012 | D3: 0.002 | E3: 0 | F3: =B3+C3+D3+E3 | G3: 10000 | H3: =G3*F3
A4: 天弘中证光伏产业指数A | B4: 0.001 | C4: 0.005 | D4: 0.001 | E4: 0 | F4: =B4+C4+D4+E4 | G4: 10000 | H4: =G4*F4
A5: 嘉实新能源新材料股票A | B5: 0.0015 | C5: 0.012 | D5: 0.002 | E5: 0 | F5: =B5+C5+D5+E5 | G5: 10000 | H5: =G5*F5
A6: 天弘中证农业主题ETF联接A | B6: 0.001 | C6: 0.005 | D6: 0.001 | E6: 0 | F6: =B6+C6+D6+E6 | G6: 10000 | H6: =G6*F6
A7: 华夏国证半导体芯片ETF | B7: 0.0012 | C7: 0.005 | D7: 0.001 | E7: 0 | F7: =B7+C7+D7+E7 | G7: 10000 | H7: =G7*F7
A8: 前海开源医疗健康混合A | B8: 0.0015 | C8: 0.012 | D8: 0.002 | E8: 0 | F8: =B8+C8+D8+E8 | G8: 10000 | H8: =G8*F8
A14: 基金名（C型-适合中短） | B14: 买入费率 | C14: 管理费率 | D14: 托管费率 | E14: 销售服务费率 | F14: 总费率（年） | G14: 持有金额 | H14: 手续费（年）
A15: 天弘中证光伏产业指数C | B15: 0 | C15: 0.005 | D15: 0.001 | E15: 0.002 | F15: =B15+C15+D15+E15 | G15: 10000 | H15: =G15*F15
A16: 天弘中证农业主题指数C | B16: 0 | C16: 0.005 | D16: 0.001 | E16: 0.002 | F16: =B16+C16+D16+E16 | G16: 10000 | H16: =G16*F16
A17: 中欧医疗健康混合C | B17: 0 | C17: 0.012 | D17: 0.002 | E17: 0.008 | F17: =B17+C17+D17+E17 | G17: 10000 | H17: =G17*F17
F18: =B18+C18+D18+E18
F19: =B19+C19+D19+E19
F20: =B20+C20+D20+E20
F21: =B21+C21+D21+E21

Sheet 赎回计算
A1: 基金名 | B1: 总份额 | C1: 卖出比例 | D1: 卖出份额
A2: 泰达宏利中证主要消费红利指数A | B2: 29619.82 | C2: 0.1 | D2: =B2*C2
A3: 中欧医疗健康混合A | B3: 20789.12 | C3: 0.1 | D3: =B3*C3
A4: 天弘中证光伏产业指数A | B4: 44937.6 | C4: 0.05 | D4: =B4*C4
A5: 嘉实新能源新材料股票A | C5: 0.05 | D5: =B5*C5
A6: 天弘中证农业主题ETF联接A | C6: 0.05 | D6: =B6*C6
A7: 华夏国证半导体芯片ETF | B7: 23830.93 | C7: 0.1 | D7: =B7*C7
A8: 前海开源医疗健康混合A | B8: 19800.37 | C8: 0.05 | D8: =B8*C8

Sheet 盈亏模板
A1: 盈亏计算模板 | J1: 涨幅
A2: 基金名 | B2: 当前持仓 | C2: 持有收益 | D2: 原持仓 | E2: 盈亏比例 | J2: 基金名 | K2: 锚定低点 | L2: 当前单价 | M2: 差额 | N2: 涨幅
D3: =IF(C3>=0,SUM(B3-C3),SUM(B3+(-C3))) | E3: =IF(C3>=0,C3/B3,C3/D3) | J3: 基建ETF | K3: 0.5 | L3: 0.521 | M3: =L3-K3 | N3: =M3/K3*100%
J4: 上证50ETF | K4: 3.348 | L4: 5.047 | M4: =L4-K4 | N4: =M4/K4*100%
J5: 证券ETF | K5: 0.66 | L5: 0.61 | M5: =L5-K5 | N5: =M5/K5*100%
A6: 卖出份额计算模板
A7: 基金名 | B7: 总份额 | C7: 卖出比例 | D7: 卖出份额
B8: 9297.04 | C8: 0.15 | D8: =B8*C8
A11: 建仓买入计算模板（场内）
A12: 基金名 | B12: 历史最高净值 | C12: 当前净值 | D12: 净值差额 | E12: 跌幅 | F12: 买入每份金额 | G12: 总买入金额
A13: 瑞信工银医疗A | B13: 2.177 | C13: 1.265 | D13: =C13-B13 | E13: =D13/B13*100% | F13: 100 | G13: =INT(-E13*100)*F13
A14: 泰达宏利中证主要消费红利指数A | B14: 1.9384 | C14: 1.5578 | D14: =C14-B14 | E14: =D14/B14*100% | F14: 100 | G14: =INT(-E14*100)*F14
A15: 中欧医疗健康混合A | B15: 4.31 | C15: 1.6126 | D15: =C15-B15 | E15: =D15/B15*100% | F15: 100 | G15: =INT(-E15*100)*F15
A16: 天弘中证光伏产业指数A | B16: 1.5245 | C16: 0.6675 | D16: =C16-B16 | E16: =D16/B16*100% | F16: 100 | G16: =INT(-E16*100)*F16
A17: 嘉实新能源新材料股票A | B17: 3.849 | C17: 1.7435 | D17: =C17-B17 | E17: =D17/B17*100% | F17: 100 | G17: =INT(-E17*100)*F17
A18: 华夏国证半导体芯片ETF | B18: 1.6268 | C18: 1.0897 | D18: =C18-B18 | E18: =D18/B18*100% | F18: 100 | G18: =INT(-E18*100)*F18
A20: 建仓买入计算模板（场外）
A21: 基金名 | B21: 历史最高净值 | C21: 当前净值 | D21: 净值差额 | E21: 跌幅 | F21: 买入每份金额 | G21: 总买入份数 | H21: 总买入金额
A22: 上证50ETF | B22: 36.37 | C22: 5 | D22: =C22-B22 | E22: =D22/B22*100% | F22: =C22 | G22: 4000 | H22: =(F22*G22)
A23: 证券ETF | B23: 1.167 | C23: 0.819 | D23: =C23-B23 | E23: =D23/B23*100% | F23: =C23 | G23: =INT(-E23*100)*100 | H23: =(F23*G23)
A24: 证券ETF | B24: 1.167 | C24: 0.819 | D24: =C24-B24 | E24: =D24/B24*100% | F24: =C24 | G24: =INT(-E24*100)*100 | H24: =(F24*G24)
A28: 9.531 | B28: 0.05 | C28: =A28*B28 | D28: =A28-C28
